index,published,topic,term,domain,language,valid,de,title,description,en,la,url,image,archive,content,quote,added,feed,country,ipcc,continent
209d504dbab0dfca76d1d3572f634ad9,2026-05-09T05:20:24Z,Iceberg,빙산이 갈라지는 현상,zdnet.co.kr,ko,0.1,"Eine goldene Scheide, gefunden in einem norwegischen Wald ... „Gott geopfert“. [ZDNet Korea] Das Wissenschaftsmedium Live Science berichtete kürzlich, dass ein Mann im Südwesten Norwegens bei einem Spaziergang versehentlich die goldene Scheidenverzierung eines vor etwa 1.500 Jahren im Boden vergrabenen Kriegers entdeckte und damit die Aufmerksamkeit der akademischen Welt auf sich zog. Forscher analysierten, dass die Reliquie wahrscheinlich eine Opfergabe an die Götter in einer Zeit der Hungersnot und des sozialen Chaos war. Bei der entdeckten Reliquie handelt es sich um einen goldenen Scheidenschmuck von etwa 6 cm Länge und 33 g Gewicht. Es wird angenommen, dass dieses Relikt aus dem 6. Jahrhundert einst ein Accessoire war, das die Schwerter von Elitekriegern schmückte. Bisher in Nordeuropa…","노르웨이 숲속에서 발견된 황금 칼집…""신께 바친 제물""","[지디넷코리아]노르웨이 남서부에서 한 남성이 산책 도중 약 1500년 전 땅에 묻힌 전사의 금제 칼집 장식을 우연히 발견해 학계의 관심이 쏠리고 있다고 과학매체 라이브사이언스가 최근 보도했다.연구진은 해당 유물이 기근과 사회적 혼란이 이어지던 시기 신에게 바쳐진 제물일 가능성이 크다고 분석했다.발견된 유물은 길이 약 6㎝, 무게 33g의 금제 칼집 장식이다. 6세기경 제작된 이 유물은 한때 정예 전사의 검을 장식했던 부속품으로 추정된다. 북유럽에서는 지금까지 …","A golden scabbard found in a Norwegian forest... “Offered to God”. [ZDNet Korea] Science media Live Science recently reported that a man in southwestern Norway accidentally discovered the gold scabbard decoration of a warrior buried in the ground about 1,500 years ago while taking a walk, attracting the attention of the academic world. Researchers analyzed that the relic was likely an offering to the gods during a time of famine and social chaos. The discovered relic is a gold scabbard decoration about 6 cm long and 33 g in weight. This relic, made around the 6th century, is believed to have once been an accessory that decorated the swords of elite warriors. In Northern Europe so far…","Vagina aurea in Norvegia silva reperta ... « Deo oblatum ». [ZDNet Korea] Scientia media Ago Scientia nuper nuntiavit virum in Norvegia meridiem occidentalem casu detexisse ornamentum auri vaginae bellatoris in terra sepultum ante annos circiter mille quingentos cum deambulantis, attentionem mundi academici trahentis. Investigatores exploraverunt reliquias verisimilem esse oblationem diis in tempore famis et chaos socialis. Reliquia reperta est ornamentum vaginae auri circiter 6 cm longum et 33 g in pondere. Haec reliquia, circa saeculum VI facta, creditur quondam accessorium fuisse qui gladios electorum bellatorum decoravit. In septentrionali Europa usque…",https://zdnet.co.kr/view/?no=20260509065639,https://image.zdnet.co.kr/2026/05/09/230d0751e0d2b953fd92fc866f9e127e.jpg,,,,2026-05-15 15:06:51+00:00,random,,,
d180b5a14ec4845a8f63a5e22f5c477d,2026-05-13T08:13:00Z,Heat Wave,폭염,www.khan.co.kr,ko,0.9,"Das Sommerwetter schwankt aufgrund von El Niño... Die Temperatur- und Niederschlagsvolatilität nimmt zu. Am 13. August letzten Jahres, als in der gesamten Metropolregion extremer Regen fiel, wurde der Regenschirm eines Bürgers auf einer Straße in Seocho-gu, Seoul, vom Wind umgeworfen. Reporter Su-bin Han Es wird vorhergesagt, dass die Niederschläge und Klimaschwankungen auf der koreanischen Halbinsel in diesem Sommer aufgrund des Einflusses von El Niño größer als normal sein werden. Zum jetzigen Zeitpunkt ist es schwierig, das Ausmaß der durch El Niño verursachten Hitzewellen und starken Regenfälle zu bestimmen, es wird jedoch darauf hingewiesen, dass Vorbereitung erforderlich ist, da die Wahrscheinlichkeit komplexer Katastrophen hoch ist. Ihr Sang-wook...",엘니뇨에 출렁이는 여름 날씨…기온·강수 변동성 커진다,"수도권 곳곳에 극한 호우가 내린 지난해 8월 13일 서울 서초구 한 거리에서 한 시민의 우산이 바람에 뒤집혀 있다. 한수빈 기자올여름 엘니뇨 영향으로 한반도 강수와 기후 변동성이 평년보다 커질 것이라는 전망이 나왔다. 현시점에서 엘니뇨로 인한 폭염과 폭우 수준을 단정하기는 어렵지만, 복합 재해가 발생할 가능성이 높아 대비가 필요하다는 지적이 제기된다.예상욱···","Summer weather fluctuates due to El Nino... Temperature and precipitation volatility increases. On August 13 last year, when extreme rain fell throughout the metropolitan area, a citizen's umbrella was overturned by the wind on a street in Seocho-gu, Seoul. Reporter Su-bin Han It is predicted that precipitation and climate variability on the Korean Peninsula will be greater than normal this summer due to the influence of El Niño. At this point, it is difficult to determine the level of heat waves and heavy rain caused by El Nino, but it is pointed out that preparation is necessary as the possibility of complex disasters occurring is high. Ye Sang-wook...","Tempestas aestiva ob El Nino fluctuat... Temperatura et praecipitatio volatilitas augetur. Postridie Kalendas Septembris, cum extremae pluviae in area metropolitana cecidit, umbella civium vento in vicum Seocho-gu, Seoul eversa est. Notario Su-bin Han Praenuntiatur variabilitatem aeris in paeninsula Coreana maiorem esse quam normalem hac aestate propter influxum El Niño. Hoc loco difficile est determinare planities fluctuum aestus et pluviae graves ab El Niño causata, sed demonstratur praeparationem necessariam esse sicut possibilitas calamitatum complexorum quae alta est. Vos Sang-l.",https://www.khan.co.kr/article/202605131713001,https://img.khan.co.kr/news/2026/05/13/news-p.v1.20260513.ec57c27468e4408a9961e1bc83cbc90f_P1.jpeg,,"8 13 . 
. , .
 13 , · .
 0.5 . 2~7 , . 2014~2016 2023~2024 .
 24 5~7 ( 1.5 ) . , 3 1 .
 . .
 , . .
 . .
 .",,2026-05-15 18:12:52+00:00,random,,,
49cb3648983ca0213eb0ea2cc6434be9,2026-05-03T22:58:04Z,Heat Wave,가장 더운 해,www.ohmynews.com,ko,0.8,"Wir müssen uns beeilen, um den heißesten Sommer aller Zeiten zu verhindern. Laut dem jährlichen Klimaausblick 2026, der im Januar von der Korea Meteorological Administration veröffentlicht wurde, wird die Durchschnittstemperatur Koreas in diesem Jahr voraussichtlich höher als normal sein (12,3-12,7℃). Insbesondere lag die nationale Durchschnittstemperatur im März 2026 bei 7,4℃ und damit 1,3℃ über dem Durchschnitt (6,1℃). In dieser Zeit steigt die Temperatur im Vergleich zu anderen Monaten stark an. Der Trend steigender Temperaturen setzt sich seit 2018 neun Jahre in Folge fort, wobei die Durchschnittstemperatur im März höher als normal war. Laut dem Klimaausblick von Carbon Brief, einer britischen gemeinnützigen Klimaforschungsorganisation, ist das Jahr 2026...","역대 가장 더운 여름 예고, 이것 막기 위해 서둘러야","기상청이 지난 1월 발표한 2026년 '연 기후전망'에 따르면, 올해 우리나라 평균기온은 평년(12.3~12.7℃)보다 높을 것으로 전망했습니다. 특히, 2026년 3월 전국 평균기온이 7.4℃로 평년(6.1℃)보다 1.3℃ 높아 다른 달에 비해 기온 상승 추세가 강한 시기로, 2018년부터 9년 연속 평년보다 높은 3월 평균기온으로 기온 상승 추세가 이어졌습니다. 영국의 비영리 기후연구단체 카본브리프(Carbon Brief)의 기후전망에서도 2026년 올해는…","The hottest summer ever predicted, we must hurry to stop it. According to the 2026 Annual Climate Outlook announced by the Korea Meteorological Administration in January, Korea's average temperature this year is expected to be higher than normal (12.3-12.7℃). In particular, the national average temperature in March 2026 was 7.4℃, 1.3℃ higher than the average (6.1℃), which is a time when the temperature rises strongly compared to other months. The trend of rising temperatures has continued for 9 consecutive years since 2018 with the average temperature in March being higher than normal. According to the climate outlook of Carbon Brief, a British non-profit climate research organization, 2026 is...","Aestas calidissima semper praedixerat, properandum est prohibere. Secundum 2026 Annua Clima Outlook nuntiata Coreae Administrationis Meteorologicae mense Ianuario, mediocris temperaturae Coreae hoc anno altior quam normale expectatur (12.3-12.7℃). Praesertim temperatura nationalis mediocris mense Martio 2026 erat 7.4℃, 1.3℃ quam mediocris (6.1℃), quod tempus est cum temperatura surgit aliis mensibus valde comparata. Proclivis temperaturae ortu IX annos continuos ab anno MMXVIII continuavit cum temperatura mediocris mense Martio altior quam normalis est. Secundum prospectum climatis Carbonis Breve, norma inquisitionis climatis Britanniae non lucri, 2026 est...",https://www.ohmynews.com/NWS_Web/View/at_pg.aspx?CNTN_CD=A0003229823,https://ojsfile.ohmynews.com/BIG_IMG_FILE/2024/0929/IE003355234_BIG.jpg,,"1 2026 ' ' , (12.3~12.7) . , 2026 3 7.4 (6.1) 1.3 , 2018 9 3 . (Carbon Brief) 2026 2024 ., ( '') . 2025 5 '2025 ' , , , 3 10 . 8 , , · , 9 5 () .
2025 12 () , ' ' 10/L , ' ' 20/L . 5 , ' ' ' ' .
3 … [+65 chars]",,2026-05-15 21:42:12+00:00,random,,,
bfcbde0e583294246d70893f0fdc5e4f,2026-05-14T10:45:26Z,Heat Wave,가장 더운 해,zdnet.co.kr,ko,0.9,"Wird dieses Jahr das heißeste Jahr sein? Die Welt ist besorgt über die Möglichkeit eines „Super-El Niño“. [ZDNet Korea] Das IT-Medium Gizmodo berichtete am 13. (Ortszeit), dass die Möglichkeit eines „Super El Niño“ in diesem Jahr steigt, da mehrere Klimamodelle vorhersagen, dass die Oberflächentemperatur des Pazifiks bis zum Herbst ungewöhnlich ansteigen wird. Super El Niño ist ein Phänomen, bei dem die Meerwassertemperaturen mehr als drei Monate lang um mehr als 2 Grad über dem Normalwert liegen. Infolgedessen wächst auch die Besorgnis über den Anstieg der globalen Durchschnittstemperatur, extreme Wetterereignisse und eine Krise der Ernährungssicherheit. Vereinigte Staaten Laut der neuesten Prognose der National Oceanic and Atmospheric Administration (NOAA) wird Frieden bis November dieses Jahres erwartet...",올해 가장 더운 해 될까…‘슈퍼 엘니뇨’ 가능성에 전 세계 긴장,"[지디넷코리아]여러 기후 모델이 올 가을까지 태평양 해수면 온도가 비정상적으로 상승할 것으로 예측하면서 올해 ‘슈퍼 엘니뇨’ 발생 가능성이 커지고 있다고 IT매체 기즈모도가 13일(현지시간) 보도했다.슈퍼 엘니뇨는 바닷물 온도가 평년보다 2도 이상 높은 기간이 3개월 이상 지속되는 현상이다이에 따라 지구 평균 기온 상승과 극한 기상 현상, 식량 안보 위기 등에 대한 우려도 함께 커지고 있다.미국 해양대기청(NOAA)의 최신 전망에 따르면, 올해 11월까지 태평…","Will this year be the hottest year? The world is nervous about the possibility of a 'super El Nino'. [ZDNet Korea] IT media Gizmodo reported on the 13th (local time) that the possibility of a 'Super El Niño' occurring this year is increasing as several climate models predict that the Pacific sea surface temperature will rise abnormally until this fall. Super El Niño is a phenomenon in which sea water temperatures are more than 2 degrees higher than normal for more than three months. As a result, concerns about the rise in global average temperature, extreme weather events, and food security crisis are also growing. United States According to the latest outlook from the National Oceanic and Atmospheric Administration (NOAA), peace is expected until November this year...","Hic annus erit calidissimus annus? Mundus timidus est de possibilitate ""super El Nino"". [ZDNet Korea] IT instrumentorum Gizmodo die 13 (loci temporis) nuntiavit possibilitatem ""Super El Niño"" hoc anno fieri, sicut plura exempla climatis praedicunt, Oceanum Pacificum temperatura superficiei usque ad hunc casum enormiter surgere. Super El Niño phaenomenon est in quo aquae marinae temperaturae plus quam 2 gradus altiores sunt quam normales plus tribus mensibus. Quam ob rem curas circa ortum in global temperaturae mediocris, tempestatis eventus extremae, et cibi securitatis discrimen etiam augescunt. Civitates Americae Unitae Secundum novissimam prospectum Nationalis Oceanic et Administrationis Atmosphaeriae (NOAA), pax expectatur usque ad Novembrem hoc anno...",https://zdnet.co.kr/view/?no=20260514155412,https://image.zdnet.co.kr/2026/05/14/fd199e271c5c5f2a1931e81bb2a880b9.jpg,,"IT 13() .
 2 3 
 , .
 . (=)
3 7.2 
(NOAA) , 11 2.5 . 7.2 , . 
2027 1 . , . (= NOAA/NWS/NCEP/CPC)
(ECMWF) 3 . 
 1877 . 3.5 , , . , 5000 . 3.5% .
ECMWF 2026 11 (=ECMWF)
. 1877~1878 ·· .
 · 
… [+183 chars]",,2026-05-15 21:42:12+00:00,random,,,
8e8cf7ee47d6df6ce7386fae4b25f0b2,2026-05-02T04:37:22Z,Heat Wave,인디언 썸머,zdnet.co.kr,ko,0.1,"KAIs mittelgroßer Satellit Nr. 2 der nächsten Generation wurde am 3. mit Falcon 9 gestartet ... Die Mission umfasst Landressourcenmanagement usw. [ZD Net Korea] Die Luft- und Raumfahrtbehörde und das Ministerium für Land, Infrastruktur und Verkehr gaben am 2. bekannt, dass der mittlere Satellit Nr. 2 der nächsten Generation („Korea-Satellit Nr. 2“) um 15:59 Uhr (koreanische Zeit) von der Vandenberg Space Force Base in Kalifornien, USA, gestartet wird 3. Chajung 2 hat in den letzten 30 Tagen auf der Vandenberg Space Force Base Arbeiten vor dem Start wie Funktionsprüfungen und Kraftstoffeinspritzungen durchgeführt. Es ist derzeit auf SpaceXs „Falcon 9“ montiert und befindet sich im Standby-Modus. Korea Aerospace Industries (KAI) ist für das Gesamtprojektmanagement für Fahrzeug 2 verantwortlich. Dies ist das erste Mal, dass eine Branche unabhängig einen mittelgroßen Satelliten entwickelt hat. Nach Angaben der Weltraumbehörde…",KAI 차세대중형위성 2호 3일 팰컨9으로 발사…국토자원관리 등이 미션,"[지디넷코리아]우주항공청과 국토교통부는 ‘차세대중형위성 2호(‘국토위성 2호’)’가 3일 오후 3시 59분(한국시간) 미국 캘리포니아주 반덴버그 우주군기지에서 발사된다고 2일 밝혔다.차중2호는 반덴버그 우주군기지에서 지난 30일간 기능점검, 연료주입 등 발사 사전 작업을 진행해왔다. 현재 스페이스엑스(SpaceX) ‘팰컨9’에 탑재돼 대기 중이다.차중2호 사업 총괄은 한국항공우주산업(KAI)이 맡았다. 산업체가 중형위성을 독자 개발하기로는 처음이다.우주청에 따…","KAI's next-generation medium-sized satellite No. 2 was launched with Falcon 9 on the 3rd... The mission includes land resource management, etc. [ZD Net Korea] The Aerospace Administration and the Ministry of Land, Infrastructure and Transport announced on the 2nd that the 'Next-Generation Medium Satellite No. 2 ('Korea Satellite No. 2')' will be launched from Vandenberg Space Force Base in California, USA at 3:59 pm (Korean time) on the 3rd. Chajung 2 has been carrying out pre-launch work such as function inspection and fuel injection at Vandenberg Space Force Base for the past 30 days. It is currently mounted on SpaceX's 'Falcon 9' and is on standby. Korea Aerospace Industries (KAI) is in charge of overall project management for Vehicle 2. This is the first time that an industry has independently developed a medium-sized satellite. According to the Space Agency…",KAI altera-generatio satellitum medium amplissimum No. 2 cum Falcon 9 die 3 ... Missio includit administrationem terrestrem etc. III. Chajung 2 opus praemissae molitionis exsequendum est ut inspectionem et fomitem functionis iniectio apud Vandenberg Base Copiarum Spatium in praeteritum XXX dies fuerit. Currente in SpaceX scriptor 'Falcon 9' ascendit et in standby est. Corea Aerospace Industriae (KAI) praeest summae consilii administrationis Vehiculi 2. Hoc primum est quod industria independenter a satelles mediocri elaboravit. Secundum spatium Agency…,https://zdnet.co.kr/view/?no=20260502133722,https://image.zdnet.co.kr/2026/05/02/8b2754ee2c275a63e9b251e711cefa83.jpg,,,,2026-05-16 07:03:24+00:00,random,,,
c2c15423b5c0d95da0156f7cffd6d147,2026-05-09T12:19:00Z,Cold Wave,최저 최저 기온,www.khan.co.kr,ko,0.8,"Der Sonntag ist „klar“... Bitte beachten Sie den großen täglichen Temperaturunterschied. Am 9. genießen die Bürger ihre Freizeit bei sonnigem Wetter im Yeouido Park in Seoul. Yonhap News Sonntag, der 10., wird im ganzen Land weitgehend klar sein. Die niedrigste Morgentemperatur wird voraussichtlich 6 bis 12 Grad betragen, die höchste Tagestemperatur wird voraussichtlich 21 bis 27 Grad betragen, was ähnlich oder leicht höher als die Durchschnittstemperatur sein wird (niedrigste 9 bis 14 Grad, höchste 19 bis 24 Grad). Der Temperaturunterschied zwischen Tag und Nacht beträgt im Landesinneren 15 bis 20 °C.",일요일은 ‘맑음’···큰 일교차 유의하세요,"9일 서울 여의도공원에서 시민들이 화창한 날씨 속 여유를 즐기고 있다. 연합뉴스일요일인 10일 전국이 대체로 맑겠다.아침 최저기온은 6∼12도, 낮 최고기온은 21∼27도로 예보돼 평년기온(최저 9∼14도·최고 19∼24도)과 비슷하거나 조금 높겠다. 전국 내륙을 중심으로 낮과 밤의 기온 차가 15∼20···","Sunday is ‘clear’... Please be aware of the large daily temperature difference. Citizens are enjoying leisure time in sunny weather at Yeouido Park in Seoul on the 9th. Yonhap News Sunday, the 10th, will be mostly clear across the country. The lowest morning temperature is forecast to be 6 to 12 degrees, and the highest daytime temperature is forecast to be 21 to 27 degrees, which will be similar to or slightly higher than the average temperature (lowest 9 to 14 degrees, highest 19 to 24 degrees). The temperature difference between day and night is 15 to 20 in the inland areas of the country.","Dominicus est 'clarus'... Conscii quaeso de magna differentia caliditatis cotidianae. Cives otium apricis tempestatibus gaudent apud Yeouido Park in Seoul die 9.. Yonhap Nuntii Solis, die 10., per regionem maxime clarum erunt. Infima temperatura matutina praecognoscet esse 6 ad 12 gradus, et summa diei temperies praecognoscet esse 21 ad 27 gradus, qui erit similis vel leviter superior quam mediocris temperatus (infima 9 ad 14 gradus, summa 19 ad 24 gradus). Discrimen temperaturae inter diem et noctem est 15 ad 20 in mediterraneis regionibus.",https://www.khan.co.kr/article/202605092119001,https://img.khan.co.kr/news/2026/05/09/rcv.YNA.20260509.PYH2026050901960001300_P1.jpg,,"9 . 
10 .
 6∼12, 21∼27 ( 9∼14· 19∼24) . 15∼20 .
 · , , , . . .
 .
 · 0.5∼1.5ｍ, 0.5∼1.0ｍ . ( 200㎞ ) 0.5∼2.0ｍ, 0.5∼2.5ｍ, 0.5∼1.5ｍ .",,2026-05-17 04:45:01+00:00,random,,,
fcc8fa461c95e30816691a91b6e49113,2026-05-16 00:00:00,Precipitation,기록적인 강수량,www.chosun.com,ko,0.6666666666666666,"Frühsommerliche Hitze auch am Wochenende... die Höchsttemperatur steigt tagsüber auf 33 Grad. Frühsommerliche Hitze auch am Wochenende... Die Tagestemperatur steigt auf Höchstwerte von 33 Grad. Während das Land an diesem Wochenende aufgrund des Einflusses des Hochdrucks im Westmeer weitgehend klar ist, beginnt die frühsommerliche Hitze mit einem Anstieg der Mittagstemperaturen auf 33 Grad. Das heiße Wetter über der Durchschnittstemperatur wird noch eine Weile anhalten, und in den großen Städten am Morgen des 16",주말에도 초여름 더위... 낮 최고 33도까지 올라,"주말에도 초여름 더위... 낮 최고 33도까지 올라  서해상에 위치한 고기압의 영향으로 이번 주말 전국이 대체로 맑은 가운데, 한낮 기온이 33도까지 치솟는 초여름 더위가 본격적으로 시작된다. 당분간 평년 기온을 웃도는 더운 날씨가 이어지겠으며, 16일 오전 주요 도시","Early summer heat even on the weekend... the maximum temperature rises to 33 degrees during the day. Early summer heat even on the weekend... The daytime temperature rises to a high of 33 degrees. While the country is mostly clear this weekend due to the influence of high pressure located in the West Sea, the early summer heat begins in earnest with the midday temperature soaring to 33 degrees. Hot weather above the average temperature will continue for a while, and major cities on the morning of the 16th","Aestas prima caloris etiam in volutpat vestibulum... maximus temperatus ad 33 gradus interdiu oritur. Aestas prima caloris etiam in volutpat vestibulum ... Cum temperaturae diurnae usque ad 33 gradus attingunt, regio haec maxime clara est volutpat ob impressionem altae pressionis in mari occidentali positam. Prima caloris aestatis, cum interdiu temperaturis ad 33 gradus nitens, serio incipit. Tempestas aestus supra temperatura mediocris aliquandiu durabit, et civitates maiores mane saeculi XVI",https://www.chosun.com/national/welfare-medical/2026/05/16/5SGJYXJLHNBXXAKJLEU3LXCXSE/,,,,,2026-05-17 10:13:41+00:00,random,,,
4b8bd1a338d0d95b2ff5c74cf4282513,2026-05-14T04:53:44Z,Precipitation,많은 비,chunchu.tistory.com,ko,0.8,"Vergleich von Baumfarmen in der Nähe von Seoul | Auswahlführer für die Namyangju Muryang Tree Ranch, die Ilsan Natural Forest Tree Ranch und die Gimpo Cheongsol Tree Ranch. Hallo, hier ist Manager Hong, ein Bestattungsberater. Bei der Suche nach einer Baumfarm in der Nähe von Seoul ist es oft schwierig zu wissen, was man mit Einrichtungen mit ähnlichen Namen und Standorten vergleichen soll. Namyangju Muryang Tree Ranch, Ilsan Natural Love Tree Ranch und Gimpo Cheongsol Tree Ranch sind Einrichtungen mit unterschiedlichen Betriebsmethoden und Managementstrukturen, aber viele Menschen stoßen nach der Vertragsunterzeichnung oft auf Schwierigkeiten, weil sie versuchen, eine Entscheidung nur auf der Grundlage der Atmosphäre oder des Standorts zu treffen. In diesem Artikel geht es nicht darum, „was an den drei Einrichtungen besser ist“ …",서울 근교 수목장 비교 | 남양주 무량수목장 · 일산 자연애숲수목장 · 김포청솔수목장 선택 가이드,"안녕하세요 장례 컨설턴트 배웅 홍부장입니다. 서울 근교에서 수목장을 알아보다 보면 이름도, 위치도 비슷해 보이는 시설들 사이에서 무엇을 기준으로 비교해야 할지 막막해지는 경우가 많습니다. 남양주 무량수목장, 일산 자연애숲수목장, 김포 청솔수목장은 각각 운영 방식과 관리 구조가 다른 시설이지만, 많은 분들이 분위기나 위치만 보고 결정하려다가 계약 이후 어려움을 겪는 사례가 상담에서 자주 나옵니다. 

​

이 글은 세 시설을 ""어디가 더 좋다""는 방식이 아니…","Comparison of tree farms near Seoul | Namyangju Muryang Tree Ranch, Ilsan Natural Forest Tree Ranch, and Gimpo Cheongsol Tree Ranch selection guide. Hello, this is Manager Hong, a funeral consultant. When looking for a tree farm near Seoul, it is often difficult to know what to compare among facilities with similar names and locations. Namyangju Muryang Tree Ranch, Ilsan Natural Love Tree Ranch, and Gimpo Cheongsol Tree Ranch are facilities with different operating methods and management structures, but many people often encounter difficulties after signing a contract after trying to make a decision based only on the atmosphere or location. ​ This article is not about “which is better” about the three facilities…","Comparatio praediorum arboris prope Seoul | Namyangju Muryang lignum villa, Ilsan Arbor silva Naturalis villa, et Gimpo Cheongsol lignum villa delectu dux. Salve, hic est Procurator Hong, consultus funebris. Cum arborem villam prope Seoul quaerunt, saepe difficile est scire quid inter facultates cum similibus nominibus et locis comparare. Namyangju Muryang Arbor villa, Ilsan Arbor Naturalis Arbor villa, et Arbor Gimpo Cheongsol villa facultates sunt diversis modis operandi et structurarum administratione, sed multi saepe difficultatibus occurrant post contractum signatum postquam decisionem solum in aere vel loco facere conantur. Hic articulus non est de ""quod est melius"" de tribus facultatibus...",https://chunchu.tistory.com/2650,https://img1.daumcdn.net/thumb/R800x0/?scode=mtistory2&fname=https%3A%2F%2Fblog.kakaocdn.net%2Fdna%2Fb1oLYo%2FdJMcabYwmNK%2FAAAAAAAAAAAAAAAAAAAAACtdVZSxNBzipPo4YxnEDWjNcNsu_6sBay_mqhN88i3x%2Fimg.png%3Fcredential%3DyqXZFxpELC7KVnFOS48ylbz2pIh7yKj8%26expires%3D1780239599%26allow_ip%3D%26allow_referer%3D%26signature%3DZnBFhbhBiOpJk0qOClhaMBFkZts%253D,,"Today
-
Yesterday
1,0-
Total
-
<ul><li>
 , .
 — / / 
 — 10 
 — , 
 — · 
 — · 
 , .
. . , , "" "", "" "", "" "" . 
 .
'' 
<table><tr><th> ,   (0)</th><td>2026.05.14</td></tr><tr><th> , 3  (… [+207 chars]",,2026-05-17 17:41:35+00:00,random,,,
